{
    "python": {
        "formatter": "black",
        "line_length": 88,
        "indent_size": 4,
        "aggressive": 1
    },
    "javascript": {
        "printWidth": 80,
        "tabWidth": 2,
        "useTabs": false,
        "semi": true,
        "singleQuote": false,
        "trailingComma": "es5",
        "bracketSpacing": true,
        "arrowParens": "always"
    },
    "java": {
        "line_length": 100,
        "indent_size": 2,
        "formatter_path": "/home/ubuntu/code-formatter/lib/google-java-format-1.15.0-all-deps.jar"
    },
    "general": {
        "auto_detect_language": true,
        "check_syntax": true,
        "suggest_naming": true
    }
}